NIŽŠÍ STRUNATCI A KRUHOÚSTÍ,
branchiostoma_lanceolatum.jpg,Kopinatec plžovitý
f9eea7f71904f0b658cbf025c9973e86.jpg,Mihule
sliznatka-detail-1024x559.jpg,Sliznatka cizopasná
PARYBY,
49ca3bc4d2df0c45b22e3b813317dbed.jpg,chiméra
430443.jpg,různozobec
122294.jpg,wobegong
270px-Verpleegsterhaai.jpg,žralok vouskatý
Similan_Dive_Center_-_great_whale_shark.jpg,žralok obrovský (velrybí)
250px-Scyliorhinus_canicula.jpg,máčka
zralok-belavy-zralok-byci-84x_dsc_4427.jpg,žralok bělavý (byčí)
Tiger_shark(2).jpg,žralok tygří
Great_hammerhead2.jpg,kladivoun
safira-858026.jpg,žralok skvrnitý
BPXq4.jpg,liškoun obecný
8a3ed1fc-7d70-4374-a3e9-a9f2d4f18c1f.jpg,žralok veliký
Great_White_Shark_(14914320281).jpg,žralok bílý
Kurzflossen-Mako.jpg,žralok mako
DTT9522f7_profimedia_0675480666.jpg,žralok malohlavý (grónský)
unnamed.jpg,světloun
unnamed (1).jpg,ostroun
324568.jpg,piloun
Torpedo_marmorata2.jpg,parejnok elektrický
Raja_clavata_(juv).jpg,rejnok
Taeniura_lymma2a.jpg,trnucha
unnamed (2).jpg,siba
502200140_univ_lsr_lg.jpg,manta
RYBY,
1901891.jpg,latimerie
640px-Australian-Lungfish.jpg,bahník (dvojdyšní)
bichir-dehelzuv-polypterus-delhezi.jpg,bichir
Alligator_Gar_10.jpg,kostlín
4471.jpg,kaproun
Sturgeon,jeseter
vyza-velka.jpg,vyza velká
american-paddlefish.jpg,veslonos
dupl_36695_arapaima-gigas_37602 (1).jpg,arapaima velká
Osteoglossum_bicirrhosum.jpg,arowana
rypoun-1-M.jpg,rypoun
Anguilla_anguilla.jpg,úhoř říční
Il_pasto.jpg,muréna
amur-bily.jpg,amur bílý
leuciscus_aspius_bolen_dravy_01.jpg,bolen dravý
139931.jpg,lín obecný
parma-obecna-1.jpg,parma obecná
Abramis_brama_Prague_Vltava_1.jpg,cejn velký
60999_0.jpg,karas obecný
1591465842_575_kapr_obecny_683853481-jpg_irecept-full.jpg,kapr obecný
asian-bighead-carp.jpg,tolstolobik obecný
6225c9cbc80e0922770882.jpg,piskoř pruhovaný
Gregory_Moine_-_Red_bellied_Piranha_(by).jpg,piraňa
Wels_Hafen.jpg,sumec velký
271px-Bristlenose_Catfish_700.jpg,krunýřovec
16_01_uhor.jpg,paúhoř elektrický
losos.jpg,losos obecný
Salmo_trutta_Ozeaneum_Stralsund_HBP_2010-07-02.jpg,pstruh potoční
270px-Danube_Salmon_-_Huchen_(Hucho_hucho).jpg,hlavatka podunajská
Thymallus_thymallus2_(cropped).jpg,lipan podhorní
Salvelinus_fontinalis_Prague_Vltava_1.jjpg,siven americký
Coregonus_lavaretus_maraena_1.jpg,síh severní
Northern_Pike_at_Umwelt_Garten.jpg,štika obecná
download.jpg,treska obecná
mnik_jednovousy.jpg,mník jednovousý
Monkfish.jpg,ďas mořský
images.jpg,letoun obecný
Periophtalmus_barbarus_03082014_Aquarium_Canet_en_Roussillon.jpg,lezec obojživelný
koljuska.jpg,koljuška tříostná
Hippocampus_guttulatus.jpg,koníček mořský
Lionfish_in_coral_reef_2004-11-17.jpg,perutýn ohnivý
Cottus_gobio_(in_situ).jpg,vranka obecná
GiantGrouper018.jpg,kanic obrovský
download (1).jpg,zlak nachový
"Pilot_fish,_India.jpg",lodivod mořský
PercheCommune.jpg,okoun říční
candat-obecny-371137508_irecept-full.jpg,candát obecný
prazma-obecna-couch-kolorovany-drevoryt-1865.jpg,pražma obecná
Amphiprion_ocellaris_(Clown_anemonefish)_Nemo.jpg,klaun očkatý
Blue_tang_(Paracanthurus_hepatus)_01.jpg,bodlok pestrý
Zanclus_cornutus_in_Kona.jpg,bičonoš
Barracuda_laban.jpg,soltýn barakuda
HM_Orange_M_Sarawut.jpg,bojovnice pestrá
Scomber_scombrus.jpg,makrela obecná
ab1b7b7dfcb382b37c705ca540656e5b.jpg,tuňák obecný
ywHJC0.jpg,mečoun obecný
Indo-Pacific-sailfish-lateral-view-604x270.jpg,plachetník atlantský
Freshwater_angelfish_biodome.jpg,skalára
300px-Pleuronectes_platessa.jpg,platýs
640px-Fugu_in_Tank.jpg,čtverzubec fugu
Diodon_hystrix.jpg,ježík obecný
401869.jpg,měsíčník svítivý
OBOJZIVELNICI,
BEL536679_mlok.jpg,velemlok
Postojna-cave-proteus-2.jpg,macarát jeskynní
Mlok.jpg,mlok skvrnitý
Alpensalamander_(2)_bei_Schöllang_im_Allgäu.jpg,mlok černý
Triturus_vulgaris.jpg,čolek obecný
Triturus_alpestris.jpg,čolek horský
Axolotl2.jpg,axolotl mexický
unnamed (3).jpg,axolotl skvrnitý
depositphotos_455874158-stock-photo-selective-focus-shot-blue-spotted.jpg,axolotl modroskvrný
unnamed (4).jpg,červor cejlonský
Siphonops_annulatus_IRDias_2014.jpg,cecílie kroužkovaná
270px-Bombina_bombina_1_(Marek_Szczepanek).jpg,kuňka obecná
BombinaVariegataJuv.jpg,kuňka žlutobřichá
AlytesObstet.jpg,ropuška starostlivá
Pipa_pipa_juillet_2007_-_1.jpg,pipa americká
Gemeiner_Krallenfrosch_-_Xenopus_laevis_-_aus_Afrika_ArM.jpg,drápatka vodní
PelobatesFuscus.jpg,blatnice skvrnitá
Myobatrachus_gouldii_(lateral_view).jpg,paropucha křížová
220px-Argentine_horned_frog_(Ceratophrys_ornata).jpg,rohatka ozdobná
Ropucha_obecná_(Bufo_bufo).jpg,ropucha obecná
Bufotes_balearicus_female_quadrat.jpg,ropucha zelená
Hyla_arborea_(Marek_Szczepanek).jpg,rosnička zelená
Rhacophorus_nigropalmatus.jpg,létavka
Red_eyed_tree_frog_edit2.jpg,listovnice červenooká
270px-Dendrobates-azureus,pralesnička azurová
Ranitomeya_amazonica.jpg,pralesnička síťkovaná
Golden_Poison_dart_frog_Phyllobates_terribilis.jpg,pralesnička strašná
Teichfrosch.jpg,skokan zelený
European_Common_Frog_Rana_temporaria_(cropped).jpg,skokan hnědý
African_Bullfrog_2.jpg,hrabatka drsná
PLAZI,
d2bt7jugxri41.jpg,Velociraptor
Tyrannosaurus_rex_Reconstruction_by_Nobu_Tamura.jpg,Tyranosaurus
1000_F_252325113_CXprlP5tFDRaHqTKZiBfn4Uhj81kzKj1.jpg,Spinosaurus
640px-Dimetrodon_grandis.jpg,Dimetrodon
Euoplocephalus_BW.jpg,Euoplocephalus
Brachiosaurus-dinosaurus.jpg,Brachiosaurus
GettyImages-76127782-58da95df5f9b584683613ec2.jpg,Diplodocus
owYTb9X5fKpeBhgiaxD73b-1200-80.jpg,Stegosaurus
202004_Pachycephalosaurus_wyomingensis.jpg,Pachycephalosaurus
triceratops.jpg,Triceratops
plesiosaurus.jpg,Plesiosaurus
mosasaurus.jpg,Mosasaurus
Pteranodon_BW.jpg,Pteranodon
Aerodactylus_scolopaciceps.jpg,Pterodactylus
unnamed (5).jpg,matamata třásnitá
Floridasoftshellturtle-cropped.jpg,kožnatka
Common_Snapping_Turtle_1429.jpg,kajmanka
270px-LeatherbackTurtle.jpg,kožatka velká
kareta_obrovska_velka.jpg,kareta
bohdal-zelva-bahenni-40432.jpg,želva bahenní
Chrysemis_pictas_pictas_2008-11-02_293.jpg,želva ozdobná
zelva_nadherna_tit.jpg,želva nádherná
Aldabra_Giant_Tortoise_Geochelone_gigantea_edit1.jpg,želva obrovská/sloní
Nabeulensis_sarda1.jpg,želva žlutohnědá
df290bc36916a88c398cb684f1748640-t3.jpg,aligátor
MCE734aba_nilsk.jpg,krokodýl
1200px-Indian_Gharial_Crocodile_Digon3.jpg,gaviál indický
Haterie_novozelandska_aneb_krok_zpet_do_prehistorie_1-e1621191533423.jpg,haterie novozélandská
MC_GruenerLeguan.jpg,leguán zelený
"Marineiguana03,jpg",leguán mořský
IMG_8961.jpg,ropušník
bazilisek-zeleny.jpg,bazilišek zelený
494338099_d77e1dcc47_o.jpg,moloch ostnitý
33-34-00-m1188567.jpg,agama vousatá
demopicture_25879_20160301123554.jpg,dráček létavý
Chamaeleo_chamaeleon_iberico.jpg,chameleon obecný
1200px-Gekko_gecko_(rock)_by_Robert_Michniewicz.jpg,gekon obrovský
204426.jpg,scink uťatý
258px-Anguidae.jpg,slepýš křehký
jesterka_obecna-_archiv_zoo.jpg,ještěrka obecná
JesterkaZelena.jpg,ještěrka zelená
dsc_6707.jpg,korovec jedovatý
Jesteri_obr_Varan_komodsky_1-scaled-e1621544575947.jpg,varan komodský
Hroznys-kralovsky-na-slunci.jpg,hroznýš královský
1200px-Sucuri_verde.jpg,anakonda velká
azbucak.jpg,krajta mřížkovaná
download (2).jpg,užovka obojková
1200px-Natrix_tessellata_Rheinland-Pfalz_02.jpg,užovka podplamatá
Couleuvre_Esculape59.jpg,užovka stromová
CoronellaAustriaca1.jpg,užovka hladká
270px-Boiga_dendrophila.jpg,bojga
12_-_The_Mystical_King_Cobra_and_Coffee_Forests.jpg,kobra královská
44575.jpg,kobra indická
Dendroaspis_polylepis_by_Bill_Love.jpg,mamba černá
02027404.jpg,korálovec
Fierce_Snake-Oxyuranus_microlepidotus.jpg,taipan
270px-Hydrophis_belcheri_-_journal.pone.0027373.g005.jpg,vodnáři
Benny_Trapp_Vipera_berus.jpg,zmije obecná
351410.jpg,zmije rohatá
Crotalus_lepidus_lepidus_1.jpg,chřestýš skalní
